DateTime,CO,Humidity,NH3,NO,NO2,O3,Precipitation,Radiation,Temperature,WindSpeed_m_s
2025-01-01 00:00:00,1.6,99.5,39.7,196.0,47.1,7.9,0.0,2.4,1.8,1.3
2025-01-01 01:00:00,1.8,99.5,39.8,120.4,35.0,7.9,0.0,3.1,1.0,1.0
2025-01-01 02:00:00,1.8,99.5,59.4,73.1,27.6,7.9,0.0,2.4,0.9,0.8
2025-01-01 03:00:00,1.8,99.6,87.5,80.6,28.9,7.9,0.0,2.4,1.2,1.0
2025-01-01 04:00:00,1.7,99.6,90.4,69.8,27.5,7.9,0.0,2.9,1.5,1.4
2025-01-01 05:00:00,1.6,99.6,92.0,58.6,29.7,7.9,0.0,3.0,1.4,1.9
2025-01-01 06:00:00,1.6,99.6,80.0,74.1,37.4,7.9,0.0,3.3,1.6,1.4
2025-01-01 07:00:00,1.6,99.6,72.3,78.4,40.0,7.9,0.0,2.9,1.1,1.8
2025-01-01 08:00:00,1.6,99.6,58.6,77.5,35.7,7.9,0.0,2.8,1.3,1.9
2025-01-01 09:00:00,1.4,99.7,59.1,72.8,37.4,7.9,0.0,15.4,1.8,1.4
2025-01-01 10:00:00,1.5,99.7,63.3,97.9,63.7,7.9,0.0,59.6,2.3,1.6
2025-01-01 11:00:00,1.6,99.7,54.3,58.6,32.7,7.9,0.0,81.8,2.9,1.7
2025-01-01 12:00:00,1.6,99.6,45.8,54.9,31.0,7.9,0.0,92.6,3.9,1.9
2025-01-01 13:00:00,1.5,99.5,42.3,53.8,33.6,7.9,0.0,123.3,5.0,2.0
2025-01-01 14:00:00,1.4,99.4,36.9,34.0,24.8,7.9,0.0,139.2,6.2,1.6
2025-01-01 15:00:00,1.2,99.3,39.1,33.0,25.5,7.9,0.0,111.5,7.0,1.5
2025-01-01 16:00:00,1.1,99.3,37.1,35.5,27.9,7.9,0.0,54.6,7.0,0.9
2025-01-01 17:00:00,1.1,99.3,35.9,41.6,30.3,7.9,0.0,19.3,6.5,0.7
2025-01-01 18:00:00,1.1,99.4,36.5,69.3,36.0,7.9,0.0,3.9,5.6,1.0
2025-01-01 19:00:00,1.3,99.4,36.1,100.5,41.6,7.9,0.0,3.4,5.4,1.3
2025-01-01 20:00:00,1.4,99.5,36.0,85.7,42.4,7.9,0.0,3.4,5.3,0.9
2025-01-01 21:00:00,1.4,99.5,37.0,77.7,45.0,7.9,0.0,3.6,5.1,1.3
2025-01-01 22:00:00,1.5,99.5,38.7,93.5,46.3,7.9,0.0,3.7,4.7,1.5
2025-01-01 23:00:00,1.4,99.6,43.8,86.5,43.3,7.9,0.0,3.8,4.3,1.7
2025-01-02 00:00:00,1.5,99.6,44.5,85.2,39.0,7.9,0.0,3.5,4.1,1.1
2025-01-02 01:00:00,1.5,99.6,47.4,79.6,38.8,7.9,0.0,3.4,4.0,1.3
2025-01-02 02:00:00,1.5,99.6,51.3,71.0,35.4,7.9,0.0,3.6,3.8,1.1
2025-01-02 03:00:00,1.4,99.6,50.1,61.1,33.1,7.9,0.0,3.4,3.7,1.1
2025-01-02 04:00:00,1.4,99.6,48.6,46.8,27.8,7.9,0.0,3.3,3.5,1.2
2025-01-02 05:00:00,1.3,99.6,49.9,46.8,26.2,7.9,0.0,3.3,3.4,0.9
2025-01-02 06:00:00,1.3,99.6,49.8,43.8,24.5,7.9,0.0,3.1,3.5,0.6
2025-01-02 07:00:00,1.3,99.6,52.8,63.7,27.8,7.9,0.0,3.3,3.4,0.3
2025-01-02 08:00:00,1.4,99.6,51.5,86.4,28.3,7.9,0.0,4.3,3.3,1.5
2025-01-02 09:00:00,1.3,99.6,48.7,97.2,29.6,7.9,0.0,34.1,3.4,1.2
2025-01-02 10:00:00,1.3,99.6,54.6,81.6,30.3,7.9,0.0,64.9,4.0,0.6
2025-01-02 11:00:00,1.3,99.6,57.7,92.6,34.2,7.9,0.0,158.9,4.6,0.4
2025-01-02 12:00:00,1.3,99.6,67.1,102.9,39.6,7.9,0.0,170.9,6.2,0.5
2025-01-02 13:00:00,1.3,99.6,61.5,93.3,42.9,7.9,0.0,122.1,6.4,1.0
2025-01-02 14:00:00,1.2,99.5,58.3,75.6,36.5,7.9,0.0,95.3,7.0,1.0
2025-01-02 15:00:00,1.2,99.4,56.6,94.2,37.4,7.9,0.0,64.5,7.0,1.2
2025-01-02 16:00:00,1.2,99.4,54.2,93.0,38.3,9.3,0.0,34.5,7.1,1.4
2025-01-02 17:00:00,1.2,99.5,50.2,101.0,39.0,2.9,0.0,8.2,6.7,1.9
2025-01-02 18:00:00,1.3,99.5,50.2,97.2,37.2,2.7,0.0,3.8,6.2,1.6
2025-01-02 19:00:00,1.3,99.5,46.4,107.7,42.1,2.9,0.0,3.2,6.0,1.2
2025-01-02 20:00:00,1.4,99.5,44.7,94.9,40.4,2.9,0.0,3.2,5.9,1.0
2025-01-02 21:00:00,1.3,99.5,45.3,103.2,39.7,3.4,0.0,3.2,5.8,1.1
2025-01-02 22:00:00,1.3,99.6,51.8,92.9,34.5,3.5,0.0,3.4,5.8,1.9
2025-01-02 23:00:00,1.3,99.6,58.2,74.3,31.7,0.7,0.0,3.4,5.7,2.3
2025-01-03 00:00:00,1.3,99.6,57.8,58.4,29.7,2.9,0.0,3.3,5.6,2.2
2025-01-03 01:00:00,1.2,99.6,57.8,51.8,29.3,0.4,0.0,3.6,5.5,1.7
2025-01-03 02:00:00,1.2,99.6,58.4,45.2,29.1,0.8,0.0,3.7,5.1,2.2
2025-01-03 03:00:00,1.1,99.6,56.5,36.7,27.8,2.0,0.0,3.3,5.0,3.2
2025-01-03 04:00:00,1.1,99.6,44.6,36.9,29.6,0.3,0.0,3.4,5.0,3.9
2025-01-03 05:00:00,1.1,99.6,38.0,32.8,30.2,1.8,0.0,3.5,5.0,3.3
2025-01-03 06:00:00,1.1,99.5,34.1,32.3,29.1,3.2,0.0,4.2,4.2,3.5
2025-01-03 07:00:00,1.1,99.6,31.2,36.7,27.4,3.7,0.0,3.4,3.2,3.6
2025-01-03 08:00:00,1.1,99.6,25.4,37.4,28.2,4.0,0.0,2.7,2.6,3.4
2025-01-03 09:00:00,1.1,99.6,21.9,34.8,25.4,6.3,0.0,16.1,2.6,3.2
2025-01-03 10:00:00,1.1,99.6,23.6,36.0,22.6,7.7,0.0,54.1,2.7,3.3
2025-01-03 11:00:00,1.0,99.5,24.4,27.2,17.1,14.6,0.0,223.6,4.5,2.6
2025-01-03 12:00:00,0.9,99.3,25.4,30.9,18.5,24.8,0.0,382.3,7.0,3.0
2025-01-03 13:00:00,0.9,92.4,24.6,29.1,18.9,29.3,0.0,364.2,9.1,2.4
2025-01-03 14:00:00,0.8,82.4,25.1,24.7,17.2,33.6,0.0,397.2,10.1,1.1
2025-01-03 15:00:00,0.7,76.8,23.5,23.6,17.8,36.9,0.0,340.2,10.9,1.9
2025-01-03 16:00:00,0.8,75.8,26.3,46.5,29.0,39.5,0.0,188.4,10.7,0.8
2025-01-03 17:00:00,1.4,85.0,25.7,100.7,52.0,32.5,0.0,27.6,8.7,0.9
2025-01-03 18:00:00,1.3,97.2,22.8,175.3,66.9,20.0,0.0,4.3,6.8,1.9
2025-01-03 19:00:00,1.4,99.4,21.6,94.9,52.3,21.5,0.0,2.6,5.6,2.0
2025-01-03 20:00:00,1.4,99.4,22.5,74.1,45.0,21.4,0.0,3.5,4.7,1.8
2025-01-03 21:00:00,1.0,99.5,21.6,80.0,48.3,16.5,0.0,2.5,3.7,2.5
2025-01-03 22:00:00,1.0,99.5,20.9,68.2,44.1,9.0,0.0,2.2,3.4,1.7
2025-01-03 23:00:00,1.1,99.5,22.5,63.2,41.3,7.6,0.0,1.7,3.5,2.3
2025-01-04 00:00:00,0.9,99.5,24.2,49.5,36.2,7.8,0.0,2.1,4.3,1.7
2025-01-04 01:00:00,1.1,99.5,26.7,42.4,35.0,8.9,0.0,3.0,4.6,1.7
2025-01-04 02:00:00,0.9,99.6,23.3,43.8,35.1,13.3,0.0,3.6,4.6,1.9
2025-01-04 03:00:00,0.8,99.6,21.7,30.1,28.3,29.6,0.0,3.2,4.5,1.9
2025-01-04 04:00:00,1.0,99.6,19.9,37.2,31.1,24.5,0.0,3.2,4.5,0.9
2025-01-04 05:00:00,1.0,99.6,17.6,41.8,32.0,4.7,0.0,4.3,4.0,0.6
2025-01-04 06:00:00,0.9,99.6,18.6,30.0,26.4,3.3,0.0,4.4,3.0,1.5
2025-01-04 07:00:00,0.9,99.6,19.7,32.0,27.0,0.5,0.0,3.0,2.9,0.5
2025-01-04 08:00:00,0.9,99.7,19.9,32.0,27.0,2.7,0.0,3.5,3.1,1.0
2025-01-04 09:00:00,0.9,99.7,23.2,64.2,27.5,1.5,0.0,9.0,3.2,1.3
2025-01-04 10:00:00,0.9,99.7,23.7,68.1,29.9,6.4,0.0,26.3,3.5,2.0
2025-01-04 11:00:00,0.9,99.7,23.9,68.4,30.8,8.6,0.0,70.3,3.7,1.7
2025-01-04 12:00:00,1.0,99.7,29.3,61.2,33.9,10.7,0.0,100.9,4.0,1.7
2025-01-04 13:00:00,1.0,99.7,33.2,45.1,27.7,18.1,0.0,109.8,4.9,1.5
2025-01-04 14:00:00,0.9,99.7,30.3,37.7,23.3,15.7,0.0,57.5,4.9,1.1
2025-01-04 15:00:00,0.9,99.7,26.6,38.6,23.7,18.2,0.0,53.9,5.0,0.8
2025-01-04 16:00:00,1.0,99.6,25.5,38.2,24.9,8.7,0.0,23.9,4.9,1.1
2025-01-04 17:00:00,0.9,99.6,25.9,40.3,26.0,5.6,0.0,11.9,4.5,1.7
2025-01-04 18:00:00,1.0,99.6,34.0,42.2,28.1,2.8,0.0,4.0,3.7,1.5
2025-01-04 19:00:00,1.0,99.6,35.3,45.6,27.5,2.6,0.0,2.8,3.6,1.1
2025-01-04 20:00:00,1.0,99.6,33.5,52.7,27.1,0.8,0.0,3.5,3.4,1.4
2025-01-04 21:00:00,1.1,99.6,29.4,58.5,27.0,3.2,0.0,3.3,3.2,1.3
2025-01-04 22:00:00,1.0,99.7,26.6,55.2,26.8,1.9,0.0,3.0,3.3,1.4
2025-01-04 23:00:00,1.0,99.7,25.5,46.9,26.2,2.9,0.0,3.1,3.4,1.5
2025-01-05 00:00:00,1.0,99.7,26.9,41.0,26.0,2.8,0.0,3.2,3.5,1.4
2025-01-05 01:00:00,1.0,99.7,29.4,36.3,26.3,1.3,0.0,3.2,3.5,1.8
2025-01-05 02:00:00,1.0,99.7,28.4,30.8,25.0,1.0,0.0,3.4,3.5,2.0
2025-01-05 03:00:00,0.9,99.7,27.8,27.2,23.7,4.6,0.0,3.4,3.4,1.9
2025-01-05 04:00:00,0.9,99.7,26.4,24.5,22.1,3.6,0.2,3.3,3.3,1.8
2025-01-05 05:00:00,0.9,99.7,24.6,22.7,20.3,5.0,0.0,3.4,3.3,1.8
2025-01-05 06:00:00,0.9,99.7,24.1,19.8,17.3,6.0,0.0,3.3,3.2,1.6
2025-01-05 07:00:00,0.9,99.7,21.7,18.8,15.8,6.5,0.0,3.3,3.2,1.7
2025-01-05 08:00:00,0.9,99.7,21.1,18.9,15.8,8.5,0.0,3.4,3.1,2.0
2025-01-05 09:00:00,0.9,99.7,20.4,18.1,14.8,10.0,0.0,12.1,3.2,2.0
2025-01-05 10:00:00,0.9,99.7,19.7,20.0,15.3,16.0,0.0,34.7,3.4,1.9
2025-01-05 11:00:00,0.9,99.7,20.1,20.9,15.7,21.4,0.0,41.9,3.7,2.0
2025-01-05 12:00:00,0.8,99.7,18.8,22.4,16.9,22.5,0.0,50.2,3.9,2.0
2025-01-05 13:00:00,0.8,99.7,19.4,21.0,16.4,21.5,0.0,41.5,4.2,1.6
2025-01-05 14:00:00,0.8,99.7,19.1,21.0,16.9,24.6,0.0,42.6,4.4,1.9
2025-01-05 15:00:00,0.8,99.6,18.9,20.2,16.2,24.3,0.0,29.3,4.5,2.3
2025-01-05 16:00:00,0.8,99.6,20.4,19.3,16.1,27.0,0.0,20.2,4.6,2.0
2025-01-05 17:00:00,0.8,99.6,19.8,19.0,16.4,28.1,0.0,9.2,4.5,2.4
2025-01-05 18:00:00,0.8,99.6,20.5,22.4,19.6,32.0,0.0,3.6,4.2,2.1
2025-01-05 19:00:00,0.9,99.6,21.5,24.8,21.1,31.9,0.0,3.5,4.1,1.9
2025-01-05 20:00:00,0.9,99.6,20.0,29.1,23.8,29.0,0.0,3.4,4.0,1.6
2025-01-05 21:00:00,0.9,99.6,18.3,27.7,24.1,24.7,0.0,3.3,4.0,0.8
2025-01-05 22:00:00,0.9,99.6,16.4,28.2,24.2,22.1,0.0,3.3,4.0,0.6
2025-01-05 23:00:00,0.9,99.6,16.2,25.7,21.4,19.8,0.0,3.2,4.0,0.8
2025-01-06 00:00:00,0.9,99.6,15.6,30.2,23.9,17.6,0.0,3.2,4.0,0.5
2025-01-06 01:00:00,0.9,99.6,17.0,23.8,19.9,15.4,0.0,3.2,4.0,0.8
2025-01-06 02:00:00,0.9,99.6,17.4,24.6,21.0,13.7,0.0,3.3,3.9,0.6
2025-01-06 03:00:00,0.9,99.6,17.5,24.7,21.9,12.7,0.2,3.2,3.9,1.2
2025-01-06 04:00:00,0.9,99.6,16.8,18.3,16.5,18.1,0.4,3.3,3.7,1.1
2025-01-06 05:00:00,0.9,99.6,16.8,18.8,17.0,19.8,0.0,3.1,3.7,0.6
2025-01-06 06:00:00,0.9,99.7,15.8,20.5,17.7,18.7,0.0,3.3,3.7,0.8
2025-01-06 07:00:00,0.9,99.7,16.1,28.5,24.2,21.7,0.0,3.3,3.6,0.9
2025-01-06 08:00:00,0.9,99.7,16.1,31.7,25.8,21.7,0.2,3.1,3.6,0.7
2025-01-06 09:00:00,0.9,99.7,15.8,33.6,25.5,23.5,0.4,6.3,3.6,0.9
2025-01-06 10:00:00,0.9,99.7,16.2,39.8,25.1,16.8,0.0,29.8,3.8,0.8
2025-01-06 11:00:00,0.9,99.7,16.6,45.5,24.6,14.3,0.0,76.2,4.3,1.4
2025-01-06 12:00:00,0.9,99.7,19.7,39.3,21.7,13.6,0.8,56.1,4.5,1.0
2025-01-06 13:00:00,0.9,99.7,19.7,29.6,17.6,15.8,0.2,65.7,4.7,1.1
2025-01-06 14:00:00,0.9,99.7,18.3,24.2,13.5,18.8,0.0,35.4,4.7,0.6
2025-01-06 15:00:00,0.9,99.7,18.0,26.7,16.8,20.3,0.0,27.7,4.7,0.6
2025-01-06 16:00:00,0.9,99.7,16.1,40.2,22.4,19.0,0.0,15.4,4.6,1.3
2025-01-06 17:00:00,0.9,99.7,15.8,42.5,24.8,13.7,0.0,6.1,4.6,1.1
2025-01-06 18:00:00,0.9,99.7,14.4,46.5,27.4,13.2,0.0,3.5,4.6,0.3
2025-01-06 19:00:00,0.9,99.7,15.6,53.2,30.7,13.4,0.0,3.4,4.5,0.7
2025-01-06 20:00:00,1.0,99.7,17.5,41.5,27.9,13.4,0.0,3.5,4.4,1.1
2025-01-06 21:00:00,0.9,99.7,19.4,44.6,30.1,12.6,0.0,3.2,4.4,0.8
2025-01-06 22:00:00,0.9,99.7,21.0,41.4,28.5,14.6,0.0,3.2,4.5,0.9
2025-01-06 23:00:00,0.9,99.7,21.6,34.9,27.1,10.7,1.0,3.3,4.4,1.0
2025-01-07 00:00:00,0.9,99.7,21.5,33.4,25.5,10.8,1.8,3.3,4.2,1.3
2025-01-07 01:00:00,0.8,99.7,21.3,27.2,23.2,11.3,1.2,3.2,4.2,1.0
2025-01-07 02:00:00,0.8,99.7,19.8,21.6,18.7,10.9,0.6,3.2,4.2,1.0
2025-01-07 03:00:00,0.8,99.7,18.7,19.6,17.2,11.4,1.2,3.2,4.3,1.4
2025-01-07 04:00:00,0.8,99.7,17.4,18.9,16.8,13.1,1.2,3.5,4.2,2.2
2025-01-07 05:00:00,0.9,99.6,17.8,18.4,16.3,6.7,1.8,3.7,4.0,2.4
2025-01-07 06:00:00,1.0,99.6,18.0,19.0,16.2,5.1,1.4,3.5,3.8,2.8
2025-01-07 07:00:00,1.0,99.6,16.1,18.2,14.2,7.4,1.4,3.5,3.6,3.3
2025-01-07 08:00:00,1.0,99.7,14.9,24.2,17.1,10.4,0.8,3.5,3.6,3.5
2025-01-07 09:00:00,1.0,99.7,13.5,30.0,18.9,13.7,0.0,9.3,3.5,3.9
2025-01-07 10:00:00,1.0,99.7,12.8,31.5,18.2,11.8,0.0,71.3,3.8,3.6
2025-01-07 11:00:00,1.0,99.7,12.1,30.1,17.3,11.2,0.0,73.6,4.1,4.2
2025-01-07 12:00:00,1.0,99.7,13.4,32.7,17.1,16.3,0.0,165.1,4.5,4.8
2025-01-07 13:00:00,1.0,99.6,13.5,25.9,14.5,20.8,0.0,171.3,5.5,4.4
2025-01-07 14:00:00,1.0,99.6,13.9,23.8,15.4,21.9,0.0,147.4,5.9,4.4
2025-01-07 15:00:00,0.9,99.5,14.2,27.3,17.7,22.0,0.0,147.6,6.3,3.8
2025-01-07 16:00:00,0.9,99.5,14.0,32.0,20.7,25.4,0.0,86.1,6.6,3.3
2025-01-07 17:00:00,0.9,99.5,13.3,33.4,25.2,21.0,0.0,14.4,6.2,2.4
2025-01-07 18:00:00,0.9,99.5,13.5,28.2,22.9,20.0,0.0,4.3,5.8,2.5
2025-01-07 19:00:00,0.9,99.6,12.8,31.3,24.8,21.9,0.0,3.5,5.6,2.6
2025-01-07 20:00:00,1.0,99.6,12.5,27.6,22.2,24.2,0.0,3.1,5.5,1.6
2025-01-07 21:00:00,0.9,99.6,12.4,29.1,22.1,20.8,0.0,3.1,5.6,1.5
2025-01-07 22:00:00,0.9,99.6,11.8,27.0,23.2,20.6,0.0,3.3,5.6,0.9
2025-01-07 23:00:00,0.9,99.6,11.4,34.9,29.7,21.6,0.0,3.4,5.4,1.1
2025-01-08 00:00:00,0.9,99.6,11.0,37.8,31.0,16.4,0.0,3.7,5.3,1.9
2025-01-08 01:00:00,0.8,99.6,11.3,33.3,28.1,10.4,0.0,3.3,4.9,1.1
2025-01-08 02:00:00,0.9,99.6,10.5,23.0,20.6,7.8,0.0,3.5,4.7,1.1
2025-01-08 03:00:00,0.9,99.6,11.5,17.6,16.4,8.9,0.0,3.3,4.6,1.2
2025-01-08 04:00:00,0.9,99.6,13.6,18.0,16.2,12.5,0.0,3.3,4.5,1.1
2025-01-08 05:00:00,0.9,99.6,15.3,18.3,16.5,13.5,0.0,3.1,4.6,1.4
2025-01-08 06:00:00,0.9,99.6,15.9,19.5,17.4,17.8,0.0,3.5,4.5,1.6
2025-01-08 07:00:00,0.9,99.6,15.6,29.0,22.1,16.8,0.0,3.4,4.3,0.8
2025-01-08 08:00:00,0.9,99.6,15.4,29.8,23.7,15.6,0.0,3.0,4.5,0.8
2025-01-08 09:00:00,0.9,99.6,13.8,38.0,26.1,11.4,0.0,6.1,4.6,1.1
2025-01-08 10:00:00,0.9,99.6,14.9,50.3,26.3,7.2,0.0,16.7,4.5,2.1
2025-01-08 11:00:00,0.9,99.6,13.1,47.3,25.9,8.8,0.0,27.7,4.5,2.9
2025-01-08 12:00:00,0.9,99.6,14.3,47.2,22.5,8.4,0.0,42.9,4.4,2.7
2025-01-08 13:00:00,1.0,99.7,14.7,38.5,19.7,9.3,0.0,47.7,4.7,2.7
2025-01-08 14:00:00,1.0,99.7,15.6,38.7,21.9,8.3,0.0,43.2,4.7,3.0
2025-01-08 15:00:00,1.0,99.7,14.9,38.8,24.3,8.4,0.0,32.2,4.7,2.7
2025-01-08 16:00:00,1.0,99.6,15.5,33.9,23.0,10.6,0.0,22.7,5.0,2.0
2025-01-08 17:00:00,1.0,99.6,14.8,40.9,25.8,6.4,0.0,8.0,5.2,1.6
2025-01-08 18:00:00,1.0,99.6,14.8,60.0,31.0,4.5,0.0,3.3,5.2,0.8
2025-01-08 19:00:00,1.1,99.6,14.8,71.3,34.3,4.7,0.0,3.4,5.0,1.1
2025-01-08 20:00:00,1.1,99.6,14.7,57.7,30.9,4.6,0.0,3.0,5.1,1.6
2025-01-08 21:00:00,1.1,99.6,13.7,56.0,29.5,4.0,0.0,3.1,5.2,1.6
2025-01-08 22:00:00,1.0,99.6,13.7,47.6,27.0,3.8,0.0,3.4,5.1,2.6
2025-01-08 23:00:00,1.0,99.6,13.8,42.6,25.4,4.0,0.0,3.2,5.1,2.2
2025-01-09 00:00:00,1.0,99.6,13.9,41.3,23.8,4.3,0.2,3.0,5.1,1.0
2025-01-09 01:00:00,1.0,99.6,14.0,46.0,24.6,4.1,0.0,3.2,5.0,0.7
2025-01-09 02:00:00,1.0,99.6,14.8,47.0,23.1,4.0,0.0,3.2,5.1,1.2
2025-01-09 03:00:00,1.0,99.7,15.0,44.5,22.3,3.9,0.0,3.1,5.2,1.6
2025-01-09 04:00:00,1.0,99.7,16.0,44.2,25.7,4.0,0.0,3.1,5.4,1.1
2025-01-09 05:00:00,1.0,99.7,16.2,37.0,25.8,4.1,0.2,3.3,5.5,1.1
2025-01-09 06:00:00,0.9,99.7,16.5,33.2,24.8,4.1,0.4,3.5,5.5,1.0
2025-01-09 07:00:00,0.9,99.7,16.2,53.6,26.6,4.2,0.2,3.4,5.3,1.4
2025-01-09 08:00:00,1.0,99.7,18.7,56.7,24.8,4.0,0.0,3.4,5.2,1.9
2025-01-09 09:00:00,1.0,99.7,17.4,62.7,25.9,4.2,0.2,5.4,5.2,2.5
2025-01-09 10:00:00,1.0,99.7,18.4,62.7,25.9,5.2,0.0,31.6,5.1,2.4
2025-01-09 11:00:00,1.0,99.7,19.5,62.7,25.9,6.3,0.2,62.9,5.4,2.6
2025-01-09 12:00:00,1.0,99.7,18.1,62.7,25.9,7.7,0.0,75.5,5.7,2.7
2025-01-09 13:00:00,1.0,99.7,19.0,62.7,25.9,7.0,0.0,54.6,6.1,2.7
2025-01-09 14:00:00,1.1,99.7,19.0,62.7,25.9,6.7,0.0,70.2,6.5,2.8
2025-01-09 15:00:00,1.1,99.7,18.0,62.7,25.9,7.8,0.0,75.2,6.8,2.8
2025-01-09 16:00:00,1.0,99.6,18.1,62.7,25.9,6.7,0.0,58.1,7.0,2.1
2025-01-09 17:00:00,1.1,99.6,16.6,62.7,25.9,4.5,0.0,18.7,7.0,2.2
2025-01-09 18:00:00,1.0,99.6,16.0,62.7,25.9,3.8,0.0,3.7,6.8,2.5
2025-01-09 19:00:00,1.0,99.6,16.3,62.7,25.9,3.8,0.0,3.4,6.7,2.6
2025-01-09 20:00:00,1.0,99.6,16.5,62.7,25.9,3.6,0.0,3.5,6.6,2.5
2025-01-09 21:00:00,1.0,99.6,17.6,62.7,25.9,3.9,0.0,3.5,6.5,2.4
2025-01-09 22:00:00,1.0,99.6,18.0,62.7,25.9,4.0,0.0,3.2,6.6,3.1
2025-01-09 23:00:00,0.9,99.6,18.5,62.7,25.9,4.1,0.0,3.3,6.7,3.4
2025-01-10 00:00:00,0.9,99.6,17.2,62.7,25.9,4.9,0.0,3.5,6.6,3.8
2025-01-10 01:00:00,0.9,99.6,17.8,62.7,25.9,5.7,0.0,3.4,6.6,3.8
2025-01-10 02:00:00,0.9,99.6,16.9,62.7,25.9,4.8,0.0,3.1,6.4,3.5
2025-01-10 03:00:00,0.9,99.6,15.6,62.7,25.9,5.5,0.0,3.4,6.4,3.1
2025-01-10 04:00:00,0.9,99.6,15.3,62.7,25.9,4.9,0.0,3.4,5.7,3.8
2025-01-10 05:00:00,0.9,99.6,14.4,62.7,25.9,8.3,0.0,2.8,5.1,5.5
2025-01-10 06:00:00,0.9,99.6,13.6,62.7,25.9,12.3,0.0,2.4,4.9,5.5
2025-01-10 07:00:00,0.9,99.6,13.1,62.7,25.9,16.9,0.0,2.5,4.9,5.0
2025-01-10 08:00:00,0.8,99.6,12.9,62.7,25.9,13.9,0.0,3.0,4.7,4.6
2025-01-10 09:00:00,0.9,99.6,13.1,62.7,25.9,17.1,0.0,18.1,4.4,3.9
2025-01-10 10:00:00,0.8,99.6,14.1,62.7,25.9,20.4,0.0,40.6,4.8,4.3
2025-01-10 11:00:00,0.8,99.6,14.6,62.7,25.9,25.9,0.0,233.8,6.2,3.1
2025-01-10 12:00:00,0.9,99.4,15.0,62.7,25.9,25.8,0.0,348.9,8.9,0.9
2025-01-10 13:00:00,0.9,90.5,16.8,62.7,25.9,34.2,0.0,277.9,10.0,1.6
2025-01-10 14:00:00,0.8,92.9,17.9,62.7,25.9,32.4,0.0,270.3,10.0,4.8
2025-01-10 15:00:00,0.7,98.7,16.9,62.7,25.9,29.4,0.0,162.0,9.6,6.5
2025-01-10 16:00:00,0.7,99.4,16.1,62.7,25.9,23.7,0.0,84.2,8.8,5.5
2025-01-10 17:00:00,0.7,99.4,14.3,62.7,25.9,25.8,0.0,47.7,8.5,4.9
2025-01-10 18:00:00,0.7,99.4,14.6,62.7,25.9,27.9,0.0,4.2,7.9,4.5
2025-01-10 19:00:00,0.6,99.3,13.6,62.7,25.9,51.9,0.0,3.8,7.4,4.8
2025-01-10 20:00:00,0.6,99.3,12.8,19.3,11.2,53.9,0.0,3.4,6.9,4.6
2025-01-10 21:00:00,0.6,99.3,11.8,34.2,23.3,52.1,0.0,3.2,6.6,3.5
2025-01-10 22:00:00,0.6,99.3,11.4,34.4,25.3,47.5,0.0,3.1,6.3,3.8
2025-01-10 23:00:00,0.7,98.6,11.1,27.3,20.4,46.6,0.0,2.8,6.4,3.1
2025-01-11 00:00:00,0.7,99.2,11.0,27.0,23.1,44.6,0.0,3.3,6.3,2.2
2025-01-11 01:00:00,0.7,98.9,11.4,32.4,24.1,38.4,0.0,4.7,5.1,1.0
2025-01-11 02:00:00,0.8,99.4,10.5,28.8,25.7,27.4,0.0,3.2,3.3,1.9
2025-01-11 03:00:00,0.8,99.5,12.8,42.2,32.3,24.7,0.0,1.6,3.1,1.1
2025-01-11 04:00:00,0.8,99.5,18.1,32.9,29.1,18.9,0.0,3.4,3.0,1.3
2025-01-11 05:00:00,0.8,99.5,23.8,28.6,26.2,18.6,0.0,2.9,2.4,0.9
2025-01-11 06:00:00,0.8,99.5,27.2,49.9,31.7,13.2,0.0,1.9,2.0,0.7
2025-01-11 07:00:00,0.9,99.5,27.6,104.6,36.7,10.0,0.0,2.9,1.7,2.1
2025-01-11 08:00:00,1.1,99.5,29.1,105.6,43.4,10.8,0.0,2.1,1.8,2.3
2025-01-11 09:00:00,1.1,99.6,32.5,129.3,50.0,7.9,0.0,18.2,1.9,2.0
2025-01-11 10:00:00,1.0,99.5,36.5,120.3,46.1,9.0,0.0,77.4,2.4,1.6
2025-01-11 11:00:00,1.0,99.5,42.2,106.7,42.7,10.9,0.0,105.0,3.1,2.1
2025-01-11 12:00:00,1.0,99.4,41.8,95.3,41.0,18.0,0.0,138.1,4.2,2.1
2025-01-11 13:00:00,0.9,99.0,36.1,66.7,31.9,27.6,0.0,208.9,5.5,2.2
2025-01-11 14:00:00,0.7,83.1,32.2,54.8,29.3,43.7,0.0,337.2,6.9,2.9
2025-01-11 15:00:00,0.7,64.1,24.8,38.7,21.7,56.0,0.0,283.1,7.6,3.4
2025-01-11 16:00:00,0.7,69.9,19.9,52.5,30.8,51.5,0.0,129.4,6.8,2.0
2025-01-11 17:00:00,0.9,77.7,17.2,108.3,51.0,44.9,0.0,32.9,5.4,0.9
2025-01-11 18:00:00,1.1,88.2,15.1,300.4,77.4,16.9,0.0,5.5,3.0,0.5
2025-01-11 19:00:00,1.3,98.0,15.3,236.2,60.3,16.8,0.0,2.9,2.2,0.6
2025-01-11 20:00:00,1.5,99.4,21.1,323.0,68.9,14.0,0.0,2.9,1.3,1.4
2025-01-11 21:00:00,1.3,99.4,28.9,304.6,74.5,12.1,0.0,2.7,0.5,0.5
2025-01-11 22:00:00,1.4,99.4,34.9,129.4,50.4,13.8,0.0,2.0,0.3,0.9
2025-01-11 23:00:00,1.5,99.4,34.6,122.8,48.3,10.8,0.0,2.8,-0.3,1.5
2025-01-12 00:00:00,1.4,99.4,27.9,128.3,45.1,7.5,0.0,2.1,-0.9,1.0
2025-01-12 01:00:00,1.6,99.5,41.6,93.7,38.4,6.7,0.0,2.1,-0.8,1.4
2025-01-12 02:00:00,1.4,99.5,39.1,109.2,41.4,4.7,0.0,2.2,-1.2,1.5
2025-01-12 03:00:00,1.3,99.5,39.6,83.9,36.5,4.6,0.0,2.3,-1.5,1.2
2025-01-12 04:00:00,1.3,99.5,49.5,66.5,31.0,4.5,0.0,2.5,-2.0,0.9
2025-01-12 05:00:00,1.2,99.5,46.3,68.4,28.3,4.6,0.0,1.7,-1.9,1.3
2025-01-12 06:00:00,1.1,99.5,47.0,78.3,27.1,4.8,0.0,2.6,-2.5,1.2
2025-01-12 07:00:00,1.1,99.5,46.6,105.4,32.1,4.8,0.0,1.3,-2.7,0.9
2025-01-12 08:00:00,1.1,99.5,36.3,105.8,32.3,5.2,0.0,2.1,-2.6,1.6
2025-01-12 09:00:00,1.2,99.6,35.1,103.4,29.7,5.7,0.0,18.0,-2.5,1.5
2025-01-12 10:00:00,1.1,99.6,48.5,86.0,24.1,7.6,0.0,38.5,-1.3,1.2
2025-01-12 11:00:00,1.1,99.6,50.0,77.5,27.4,11.1,0.0,290.1,1.0,1.4
2025-01-12 12:00:00,1.1,99.4,47.4,92.5,51.5,14.1,0.0,426.1,3.5,1.5
2025-01-12 13:00:00,0.9,88.8,58.3,59.3,31.0,21.8,0.0,423.2,5.8,1.0
2025-01-12 14:00:00,0.8,63.3,39.9,33.9,22.6,39.8,0.0,425.0,7.0,1.4
2025-01-12 15:00:00,0.8,48.9,25.6,23.1,17.0,54.3,0.0,385.6,8.0,1.1
2025-01-12 16:00:00,0.8,46.4,21.5,29.9,21.7,59.4,0.0,247.6,7.9,0.9
2025-01-12 17:00:00,1.0,54.7,18.6,85.0,48.3,59.4,0.0,46.8,6.0,1.0
2025-01-12 18:00:00,1.1,66.8,17.1,183.1,69.1,44.7,0.0,6.0,3.8,0.9
2025-01-12 19:00:00,1.6,78.4,18.9,216.6,73.6,22.8,0.0,3.7,1.8,1.1
2025-01-12 20:00:00,1.5,87.8,18.9,273.6,80.1,19.8,0.0,1.8,1.6,1.4
2025-01-12 21:00:00,1.2,89.9,20.1,202.8,68.9,24.1,0.0,2.4,1.3,1.1
2025-01-12 22:00:00,1.3,93.7,25.7,206.8,67.3,17.5,0.0,3.2,0.6,1.4
2025-01-12 23:00:00,1.3,99.3,34.4,157.3,56.0,13.8,0.0,2.9,-0.7,1.6
2025-01-13 00:00:00,1.3,99.4,46.8,108.9,47.7,8.6,0.0,2.3,-1.0,1.4
2025-01-13 01:00:00,1.2,99.5,47.2,66.4,39.7,4.9,0.0,2.4,-1.7,1.3
2025-01-13 02:00:00,1.2,99.5,49.6,63.7,36.1,4.9,0.0,2.4,-1.7,0.8
2025-01-13 03:00:00,1.2,99.5,54.0,60.8,34.8,4.9,0.0,2.6,-2.6,0.7
2025-01-13 04:00:00,1.2,99.5,73.2,47.2,30.1,5.0,0.0,1.7,-2.5,1.1
2025-01-13 05:00:00,1.3,99.5,70.5,62.8,31.2,4.9,0.0,2.1,-2.6,1.6
2025-01-13 06:00:00,1.4,99.5,55.8,70.5,28.5,4.9,0.0,2.2,-2.8,1.9
2025-01-13 07:00:00,1.4,99.5,62.9,74.9,30.1,5.0,0.0,2.3,-3.4,1.8
2025-01-13 08:00:00,1.5,99.6,64.1,102.6,37.9,5.0,0.0,2.0,-3.4,1.9
2025-01-13 09:00:00,1.6,99.6,45.0,118.8,40.1,5.5,0.0,19.1,-3.1,1.5
2025-01-13 10:00:00,1.7,99.6,35.8,113.6,37.0,8.3,0.0,42.8,-1.7,2.0
2025-01-13 11:00:00,1.7,99.5,40.5,101.8,39.5,13.0,0.2,321.7,1.1,1.2
2025-01-13 12:00:00,1.5,99.3,42.4,126.7,51.0,19.4,0.0,425.5,3.6,0.7
2025-01-13 13:00:00,1.4,93.7,39.6,113.0,45.8,22.2,0.0,430.3,4.1,1.6
2025-01-13 14:00:00,1.2,82.2,31.6,72.4,35.0,30.3,0.0,426.5,5.2,2.3
2025-01-13 15:00:00,1.0,72.3,28.8,68.1,36.0,43.5,0.0,383.7,5.9,3.0
2025-01-13 16:00:00,0.8,67.6,23.6,60.2,33.1,49.9,0.0,242.8,5.7,4.7
2025-01-13 17:00:00,0.9,75.1,19.3,82.0,40.9,46.0,0.0,51.2,4.4,2.9
2025-01-13 18:00:00,0.9,87.7,16.5,90.5,46.5,37.3,0.0,5.6,2.8,3.1
2025-01-13 19:00:00,1.0,92.0,15.1,102.0,54.4,34.6,0.0,2.3,1.9,3.1
2025-01-13 20:00:00,1.0,90.7,14.4,83.6,47.1,34.0,0.0,2.7,1.4,2.7
2025-01-13 21:00:00,1.0,89.4,14.8,57.4,37.5,36.1,0.0,1.3,1.4,2.7
2025-01-13 22:00:00,1.0,85.5,16.3,40.2,30.4,35.3,0.0,2.6,1.2,2.4
2025-01-13 23:00:00,1.1,89.6,17.8,31.0,24.8,33.2,0.0,2.8,0.4,2.3
2025-01-14 00:00:00,1.1,93.0,17.7,26.3,23.3,29.7,0.0,1.9,0.1,2.7
2025-01-14 01:00:00,1.0,89.6,20.7,29.2,27.0,26.4,0.0,2.0,0.2,2.7
2025-01-14 02:00:00,1.0,89.5,20.3,32.2,29.8,16.7,0.0,2.2,0.1,3.0
2025-01-14 03:00:00,1.1,96.5,19.6,35.1,32.8,5.3,0.0,2.8,-0.8,3.1
2025-01-14 04:00:00,1.1,99.3,19.8,41.9,36.6,5.3,0.0,2.8,-1.3,2.6
2025-01-14 05:00:00,1.1,99.4,21.4,44.0,37.0,4.6,0.0,3.0,-2.3,1.4
2025-01-14 06:00:00,1.1,99.5,31.4,53.2,36.7,4.9,0.0,2.1,-2.6,1.3
2025-01-14 07:00:00,1.1,99.5,42.1,53.2,36.7,4.9,0.0,2.1,-2.5,0.8
2025-01-14 08:00:00,1.4,99.5,33.1,53.2,36.7,5.3,0.0,3.3,-3.2,1.0
2025-01-14 09:00:00,1.7,99.5,33.4,53.2,36.7,6.2,0.0,23.2,-3.3,1.0
2025-01-14 10:00:00,1.8,99.5,32.5,53.2,36.7,12.5,0.0,49.6,-1.5,1.1
2025-01-14 11:00:00,1.2,99.1,33.5,53.2,36.7,23.3,0.0,299.1,1.9,0.8
2025-01-14 12:00:00,1.0,73.5,31.6,53.2,36.7,39.7,0.0,429.6,4.4,1.7
2025-01-14 13:00:00,0.9,65.3,25.9,53.2,36.7,48.2,0.0,433.1,5.2,1.9
2025-01-14 14:00:00,0.8,61.1,22.3,53.2,36.7,57.0,0.0,431.3,5.7,2.3
2025-01-14 15:00:00,0.8,58.0,18.0,53.2,36.7,60.5,0.0,392.2,5.7,1.2
2025-01-14 16:00:00,0.9,57.6,15.9,53.2,36.7,57.3,0.0,251.1,5.6,0.7
2025-01-14 17:00:00,0.9,62.1,13.9,109.0,48.8,52.5,0.0,54.1,4.2,1.0
2025-01-14 18:00:00,1.0,73.8,15.4,219.0,75.4,18.9,0.0,5.8,2.2,0.8
2025-01-14 19:00:00,1.0,82.6,14.8,362.2,87.2,14.1,0.0,2.8,2.0,1.0
2025-01-14 20:00:00,1.4,88.4,15.1,251.2,77.6,8.8,0.0,4.3,0.6,0.8
2025-01-14 21:00:00,1.6,98.0,22.6,230.3,70.3,11.4,0.0,2.5,-0.3,0.9
2025-01-14 22:00:00,1.4,99.4,34.3,182.7,62.6,17.9,0.0,2.3,-0.7,1.1
2025-01-14 23:00:00,1.5,99.4,54.4,118.5,54.6,8.1,0.0,2.4,-0.9,0.8
2025-01-15 00:00:00,1.1,99.5,59.4,90.0,49.4,5.5,0.0,1.9,-1.3,1.5
2025-01-15 01:00:00,1.1,99.4,67.1,61.0,42.4,6.4,0.0,2.1,-1.3,1.9
2025-01-15 02:00:00,1.1,99.4,60.0,43.4,37.0,6.4,0.0,2.0,-1.6,2.4
2025-01-15 03:00:00,1.2,99.4,52.4,38.3,34.0,11.2,0.0,1.8,-1.6,2.7
2025-01-15 04:00:00,1.1,99.4,35.2,28.9,25.6,15.7,0.0,2.4,-1.6,3.4
2025-01-15 05:00:00,1.1,99.4,28.5,23.2,21.0,18.4,0.0,2.1,-1.7,3.7
2025-01-15 06:00:00,1.2,99.5,24.6,23.9,21.2,15.3,0.0,2.5,-1.9,3.5
2025-01-15 07:00:00,1.2,99.5,22.8,31.9,26.2,8.9,0.0,2.5,-2.1,3.7
2025-01-15 08:00:00,1.2,99.5,21.5,53.6,36.6,11.2,0.0,2.8,-2.1,3.3
2025-01-15 09:00:00,1.2,99.5,21.6,66.1,35.4,20.3,0.0,31.2,-1.6,4.0
2025-01-15 10:00:00,1.3,99.4,20.3,37.3,24.5,27.3,0.0,101.8,-0.4,4.0
2025-01-15 11:00:00,1.3,99.4,22.7,32.9,21.6,31.6,0.0,224.8,0.7,4.6
2025-01-15 12:00:00,1.2,99.0,22.5,30.4,19.1,35.3,0.0,438.6,2.1,3.9
2025-01-15 13:00:00,1.2,99.0,22.7,28.0,18.0,38.8,0.0,438.6,2.1,2.8
2025-01-15 14:00:00,1.1,99.0,20.9,28.4,18.9,40.4,0.0,438.6,2.1,2.9
2025-01-15 15:00:00,1.2,99.0,18.7,35.2,22.3,39.8,0.0,438.6,2.1,1.3
2025-01-15 16:00:00,1.1,99.0,19.5,58.5,34.2,40.4,0.0,438.6,2.1,1.5
2025-01-15 17:00:00,1.1,84.7,17.5,78.6,44.3,35.0,0.0,55.2,4.7,2.4
2025-01-15 18:00:00,1.4,94.7,16.8,158.3,60.7,21.4,0.0,6.1,3.2,1.6
2025-01-15 19:00:00,1.6,99.1,16.1,150.9,62.3,15.3,0.0,3.6,1.6,0.9
2025-01-15 20:00:00,1.9,99.4,15.2,202.6,66.0,10.6,0.0,2.9,0.7,1.2
2025-01-15 21:00:00,1.6,99.4,15.7,185.8,59.0,10.3,0.0,2.3,-0.1,1.1
2025-01-15 22:00:00,1.5,99.4,19.0,118.9,47.8,7.4,0.0,2.3,-0.5,1.7
2025-01-15 23:00:00,1.5,99.5,30.5,73.6,40.8,5.3,0.0,2.4,-0.9,1.5
2025-01-16 00:00:00,1.5,99.5,36.1,82.5,39.7,5.2,0.0,2.1,-1.1,1.3
2025-01-16 01:00:00,1.5,99.5,57.3,90.6,40.6,5.0,0.0,2.1,-1.3,2.1
2025-01-16 02:00:00,1.4,99.6,55.0,97.5,43.1,5.0,0.0,1.5,-0.6,1.8
2025-01-16 03:00:00,1.3,99.6,44.9,75.4,40.6,4.8,0.0,2.4,-0.4,2.2
2025-01-16 04:00:00,1.2,99.5,34.4,59.6,37.2,5.6,0.0,2.8,-0.4,1.0
2025-01-16 05:00:00,1.3,99.5,30.1,74.7,36.5,5.2,0.0,2.9,-0.8,1.4
2025-01-16 06:00:00,1.3,99.5,27.7,79.0,35.0,4.7,0.0,2.4,-1.3,1.4
2025-01-16 07:00:00,1.4,99.5,39.8,111.7,39.1,4.7,0.0,2.6,-1.2,1.1
2025-01-16 08:00:00,1.6,99.6,44.0,145.1,45.4,4.7,0.0,2.9,-1.3,0.8
2025-01-16 09:00:00,1.7,99.6,38.8,187.9,52.1,5.4,0.0,21.1,-1.3,1.3
2025-01-16 10:00:00,1.7,99.6,41.2,147.9,47.9,6.5,0.0,76.4,-0.4,0.9
2025-01-16 11:00:00,1.6,99.6,47.8,156.9,51.2,7.7,0.0,136.2,0.9,0.9
2025-01-16 12:00:00,1.5,99.4,60.6,126.5,41.3,8.5,0.0,161.4,2.5,0.7
2025-01-16 13:00:00,1.6,99.3,60.5,95.4,40.4,8.7,0.0,194.8,3.7,0.6
2025-01-16 14:00:00,1.4,90.0,56.4,106.0,45.4,11.2,0.0,235.1,5.3,0.5
2025-01-16 15:00:00,1.0,79.2,58.4,107.7,48.6,17.6,0.0,302.7,7.3,0.8
2025-01-16 16:00:00,1.0,78.3,44.8,74.8,42.2,26.5,0.0,240.8,8.1,1.9
2025-01-16 17:00:00,1.3,85.9,36.2,57.9,42.8,20.8,0.0,56.6,7.3,0.7
2025-01-16 18:00:00,1.6,96.4,34.5,331.6,79.8,6.5,0.0,7.1,5.1,1.4
2025-01-16 19:00:00,1.9,99.3,36.1,338.9,74.4,7.1,0.0,3.7,3.5,2.0
2025-01-16 20:00:00,1.5,99.4,33.9,313.4,69.9,10.4,0.0,1.6,3.0,2.6
2025-01-16 21:00:00,1.3,99.4,36.8,184.5,59.0,18.8,0.0,1.6,3.8,3.0
2025-01-16 22:00:00,1.3,99.3,34.4,135.0,52.5,16.6,0.0,3.3,3.3,3.1
2025-01-16 23:00:00,1.3,99.4,31.6,70.8,41.7,8.0,0.0,2.3,2.5,2.6
2025-01-17 00:00:00,1.4,99.4,33.0,70.5,42.6,6.4,0.0,2.4,2.2,2.0
2025-01-17 01:00:00,1.4,99.4,32.2,66.0,37.0,9.8,0.0,1.7,2.2,1.6
2025-01-17 02:00:00,1.3,99.4,31.0,76.6,28.6,9.4,0.0,3.7,1.6,1.4
2025-01-17 03:00:00,1.3,99.4,35.8,78.8,28.7,4.7,0.0,3.7,-0.1,1.1
2025-01-17 04:00:00,1.2,99.5,45.1,77.4,26.3,5.0,0.0,2.6,-0.7,1.5
2025-01-17 05:00:00,1.3,99.5,39.6,84.3,25.4,4.9,0.0,2.4,-1.2,0.9
2025-01-17 06:00:00,1.3,99.5,43.8,99.3,27.7,4.8,0.0,2.3,-1.3,1.1
2025-01-17 07:00:00,1.3,99.5,54.6,238.3,39.9,5.1,0.0,2.7,-1.7,1.0
2025-01-17 08:00:00,1.4,99.5,49.5,283.0,47.6,5.1,0.0,3.1,-2.0,1.2
2025-01-17 09:00:00,1.5,99.6,42.8,306.6,52.0,6.7,0.0,24.0,-1.9,1.7
2025-01-17 10:00:00,1.3,99.6,48.0,167.7,46.8,7.4,0.0,61.2,-0.1,2.3
2025-01-17 11:00:00,1.3,99.6,62.9,133.6,56.4,9.8,0.0,299.4,3.2,2.0
2025-01-17 12:00:00,1.1,96.2,76.3,74.9,31.4,23.6,0.0,421.2,6.0,1.8
2025-01-17 13:00:00,0.9,75.2,49.5,43.1,21.7,43.2,0.0,440.7,7.5,2.2
2025-01-17 14:00:00,0.9,67.2,32.1,48.9,23.7,49.9,0.0,433.9,7.9,2.3
2025-01-17 15:00:00,0.8,63.8,25.7,38.0,20.7,52.9,0.0,402.3,8.0,1.6
2025-01-17 16:00:00,0.8,64.5,22.2,50.0,26.0,55.0,0.0,268.1,7.4,1.6
2025-01-17 17:00:00,1.0,70.8,19.5,77.1,39.1,51.7,0.0,61.7,6.3,1.5
2025-01-17 18:00:00,1.1,80.0,17.7,323.6,79.3,24.1,0.0,7.5,4.4,0.6
2025-01-17 19:00:00,1.1,95.4,18.7,182.8,62.4,11.4,0.0,3.5,2.5,1.0
2025-01-17 20:00:00,1.6,99.3,30.9,381.6,76.1,12.6,0.0,3.1,1.6,1.1
2025-01-17 21:00:00,1.8,99.4,45.4,131.9,55.6,13.3,0.0,2.4,1.1,1.1
2025-01-17 22:00:00,1.7,99.4,58.7,93.3,49.2,7.8,0.0,2.6,0.7,1.0
2025-01-17 23:00:00,1.4,99.4,59.0,136.3,48.8,6.2,0.0,3.0,-0.3,0.5
2025-01-18 00:00:00,1.6,99.5,53.0,113.5,42.2,5.0,0.0,2.2,-0.7,0.7
2025-01-18 01:00:00,1.7,99.5,56.5,78.0,35.9,4.7,0.0,2.1,-0.6,1.1
2025-01-18 02:00:00,1.6,99.5,96.3,65.8,31.2,4.9,0.0,2.8,-1.0,1.3
2025-01-18 03:00:00,1.5,99.5,90.7,58.5,31.3,5.0,0.0,1.9,-1.4,1.6
2025-01-18 04:00:00,1.5,99.5,81.5,39.1,27.5,5.3,0.0,2.0,-1.3,1.6
2025-01-18 05:00:00,1.4,99.6,70.1,38.6,30.1,5.0,0.0,2.7,-0.9,1.9
2025-01-18 06:00:00,1.3,99.6,71.4,37.4,29.5,5.2,0.0,2.2,-1.3,2.3
2025-01-18 07:00:00,1.5,99.6,52.4,52.1,32.2,5.1,0.0,1.9,-1.1,2.8
2025-01-18 08:00:00,1.6,99.6,46.3,72.6,35.0,5.6,0.0,3.3,-1.2,2.7
2025-01-18 09:00:00,1.3,99.6,38.8,61.4,30.0,6.7,0.0,24.9,-1.4,3.3
2025-01-18 10:00:00,1.2,99.6,30.6,74.0,30.4,13.8,0.0,53.0,-0.2,2.9
2025-01-18 11:00:00,1.2,99.5,33.1,46.8,23.8,21.0,0.0,313.7,2.2,3.1
2025-01-18 12:00:00,1.2,99.4,32.9,57.8,28.3,25.0,0.0,202.7,3.4,2.0
2025-01-18 13:00:00,1.2,99.3,28.7,53.6,29.6,25.6,0.0,197.8,3.9,1.4
2025-01-18 14:00:00,1.2,99.3,25.7,35.5,23.8,26.5,0.0,185.7,4.4,1.4
2025-01-18 15:00:00,1.1,99.3,24.0,39.1,28.2,24.8,0.0,117.2,5.1,1.4
2025-01-18 16:00:00,1.1,99.3,24.7,38.1,29.5,19.0,0.0,64.9,5.3,0.8
2025-01-18 17:00:00,1.1,99.3,27.0,42.6,31.2,11.3,0.0,23.3,5.0,0.8
2025-01-18 18:00:00,1.1,99.4,27.8,87.5,42.6,6.0,0.0,5.7,4.0,0.9
2025-01-18 19:00:00,1.4,99.4,28.6,116.5,47.6,6.0,0.0,3.9,3.1,1.0
2025-01-18 20:00:00,1.4,99.5,38.3,92.8,41.7,5.3,0.0,3.1,2.3,1.2
2025-01-18 21:00:00,1.4,99.5,53.6,89.1,41.6,5.3,0.0,2.2,2.2,0.7
2025-01-18 22:00:00,1.5,99.5,61.0,95.1,43.7,5.8,0.0,2.6,2.7,1.5
2025-01-18 23:00:00,1.5,99.5,65.4,73.4,36.0,4.9,0.0,3.5,2.4,1.4
2025-01-19 00:00:00,1.4,99.5,72.8,44.6,32.1,5.4,0.0,2.7,2.5,2.1
2025-01-19 01:00:00,1.3,99.5,67.2,47.7,33.1,5.2,0.0,3.3,2.6,1.8
2025-01-19 02:00:00,1.2,99.5,58.1,45.1,32.7,5.0,0.0,3.0,2.7,1.6
2025-01-19 03:00:00,1.2,99.5,57.0,43.6,32.7,4.9,0.0,3.2,2.7,1.3
2025-01-19 04:00:00,1.2,99.5,55.7,47.8,32.1,4.7,0.0,3.2,2.7,1.4
2025-01-19 05:00:00,1.3,99.5,48.3,45.6,31.1,4.7,0.0,3.2,2.8,2.4
2025-01-19 06:00:00,1.4,99.5,43.9,54.6,34.0,5.4,0.0,2.1,3.5,2.9
2025-01-19 07:00:00,1.3,99.4,42.2,54.8,35.7,4.8,0.0,3.5,3.9,1.4
2025-01-19 08:00:00,1.2,99.5,42.6,55.4,36.1,4.8,0.2,2.6,3.8,1.6
2025-01-19 09:00:00,1.3,99.5,42.0,53.0,36.1,6.3,0.0,10.2,4.1,2.8
2025-01-19 10:00:00,1.1,99.4,37.4,59.2,36.6,16.8,0.2,43.1,5.2,1.6
2025-01-19 11:00:00,1.2,99.4,37.3,54.1,33.5,19.7,0.0,92.2,6.0,2.5
2025-01-19 12:00:00,1.1,99.4,38.2,55.9,31.4,22.2,0.0,161.6,6.8,2.4
2025-01-19 13:00:00,1.1,99.4,38.3,57.0,35.6,18.9,0.2,114.2,6.9,1.1
2025-01-19 14:00:00,1.1,99.4,34.8,44.0,33.6,20.3,0.2,112.8,7.2,0.9
2025-01-19 15:00:00,1.1,99.4,34.0,46.1,36.4,16.0,0.0,63.0,7.2,1.3
2025-01-19 16:00:00,1.2,99.5,33.5,56.7,39.8,16.0,0.2,73.9,7.6,1.8
2025-01-19 17:00:00,1.2,99.5,34.7,79.9,45.3,10.2,0.0,20.8,7.3,1.9
2025-01-19 18:00:00,1.0,99.5,32.6,128.2,55.6,7.4,0.0,4.5,6.7,2.1
2025-01-19 19:00:00,1.2,99.5,31.2,100.3,52.7,18.2,0.0,3.4,6.6,1.5
2025-01-19 20:00:00,1.3,99.5,33.4,79.0,46.9,21.3,0.0,3.6,6.5,2.7
2025-01-19 21:00:00,1.2,99.5,37.6,107.9,44.7,19.5,0.0,3.0,6.0,2.5
2025-01-19 22:00:00,1.0,99.5,37.5,77.5,43.2,18.5,0.0,3.1,5.8,2.9
2025-01-19 23:00:00,0.9,99.5,36.3,59.4,39.4,14.4,0.0,3.0,5.7,1.8
2025-01-20 00:00:00,0.9,99.5,36.3,63.4,40.6,19.0,0.0,3.0,5.7,2.2
2025-01-20 01:00:00,0.9,99.5,36.4,48.2,37.6,21.8,0.0,3.3,5.5,2.2
2025-01-20 02:00:00,0.9,99.5,36.2,43.6,34.8,19.2,0.0,2.9,5.3,1.2
2025-01-20 03:00:00,0.9,99.5,37.6,38.2,33.0,17.2,0.0,2.9,5.3,1.4
2025-01-20 04:00:00,0.9,99.5,37.2,33.5,29.0,13.5,0.4,3.4,5.0,1.8
2025-01-20 05:00:00,0.8,99.5,35.3,34.9,26.6,14.0,0.0,3.2,4.9,1.1
2025-01-20 06:00:00,0.8,99.6,36.2,38.2,27.8,11.7,0.6,3.1,4.9,1.7
2025-01-20 07:00:00,0.9,99.6,43.6,76.6,32.8,8.0,0.4,3.1,5.0,0.8
2025-01-20 08:00:00,1.0,99.6,44.1,89.7,35.2,5.9,0.4,3.3,5.1,0.8
2025-01-20 09:00:00,1.0,99.6,44.4,123.4,35.2,6.1,0.0,18.7,5.1,1.2
2025-01-20 10:00:00,1.1,99.6,46.5,97.2,32.1,7.7,0.0,68.5,5.8,0.5
2025-01-20 11:00:00,1.1,99.7,52.0,84.3,38.0,8.7,0.0,108.6,6.5,0.4
2025-01-20 12:00:00,1.0,99.7,53.7,78.8,38.0,9.8,0.2,82.3,6.9,0.7
2025-01-20 13:00:00,0.9,99.7,46.1,85.7,35.3,17.5,0.2,157.0,7.1,1.7
2025-01-20 14:00:00,1.0,99.7,42.4,86.1,39.3,22.3,0.0,130.8,7.6,2.1
2025-01-20 15:00:00,0.9,99.6,38.7,75.6,36.1,29.6,0.0,58.9,7.5,1.6
2025-01-20 16:00:00,0.9,99.6,33.3,76.1,36.9,23.7,0.0,28.6,7.4,1.6
2025-01-20 17:00:00,0.9,99.6,29.9,107.5,42.0,15.8,0.0,18.8,7.3,2.3
2025-01-20 18:00:00,1.0,99.6,29.8,109.6,42.9,18.8,0.0,4.1,6.9,1.4
2025-01-20 19:00:00,1.1,99.6,29.6,77.0,36.8,13.0,0.2,3.2,6.7,1.1
2025-01-20 20:00:00,1.0,99.6,28.9,88.4,40.1,11.8,0.0,2.9,6.6,1.8
2025-01-20 21:00:00,0.9,99.6,28.8,64.9,42.8,10.1,0.0,3.2,6.6,2.0
2025-01-20 22:00:00,0.9,99.6,28.5,61.0,41.8,11.5,0.0,3.1,6.5,1.4
2025-01-20 23:00:00,0.9,99.6,28.1,56.9,40.0,9.7,0.0,3.0,6.5,0.9
2025-01-21 00:00:00,1.0,99.6,26.9,42.6,35.1,5.9,0.0,3.5,6.3,1.2
2025-01-21 01:00:00,1.0,99.6,28.9,33.2,29.2,5.4,0.0,3.1,6.2,1.2
2025-01-21 02:00:00,1.0,99.6,35.4,40.0,32.7,6.1,0.0,3.2,6.1,2.3
2025-01-21 03:00:00,0.9,99.7,42.6,32.3,30.1,8.9,0.2,3.2,6.1,2.8
2025-01-21 04:00:00,0.8,99.7,42.3,29.8,27.9,10.4,0.0,3.8,6.0,3.3
2025-01-21 05:00:00,0.8,99.7,37.9,21.3,19.8,23.7,0.0,4.0,5.4,3.8
2025-01-21 06:00:00,0.8,99.7,30.9,18.2,16.0,31.8,0.0,3.5,5.2,3.4
2025-01-21 07:00:00,0.8,99.7,28.2,21.2,18.1,30.7,0.0,3.5,5.2,3.6
2025-01-21 08:00:00,0.8,99.7,26.6,18.4,16.2,30.8,0.0,4.1,5.2,3.2
2025-01-21 09:00:00,0.8,99.7,23.5,21.0,16.8,33.6,0.0,26.6,5.3,3.1
2025-01-21 10:00:00,0.8,99.7,22.7,18.0,14.2,38.7,0.0,89.5,5.6,3.8
2025-01-21 11:00:00,0.8,99.6,22.7,18.7,13.2,41.2,0.0,101.5,6.1,3.9
2025-01-21 12:00:00,0.8,99.6,20.9,15.7,11.1,40.8,0.0,394.3,7.6,3.7
2025-01-21 13:00:00,0.7,99.5,21.3,15.9,12.1,39.7,0.0,240.9,8.0,3.6
2025-01-21 14:00:00,0.4,99.6,20.9,14.6,11.6,45.6,0.0,142.1,7.6,3.7
2025-01-21 15:00:00,0.4,99.5,19.1,14.7,11.5,57.9,0.0,285.0,8.5,4.0
2025-01-21 16:00:00,0.5,99.5,18.5,15.6,11.5,59.6,0.0,253.8,8.5,3.5
2025-01-21 17:00:00,0.5,99.5,18.1,16.7,14.4,54.3,0.0,88.5,8.0,3.0
2025-01-21 18:00:00,0.6,99.5,16.8,74.1,44.6,37.8,0.0,7.5,6.7,1.8
2025-01-21 19:00:00,0.8,99.6,15.5,152.5,60.6,30.5,0.0,3.0,5.8,1.8
2025-01-21 20:00:00,1.0,99.6,12.7,138.5,52.3,21.0,0.0,2.7,4.4,1.4
2025-01-21 21:00:00,0.8,99.6,11.8,82.2,41.1,19.3,0.0,2.4,4.4,1.2
2025-01-21 22:00:00,1.0,99.6,11.4,56.1,34.1,14.6,0.0,3.5,4.4,0.8
2025-01-21 23:00:00,0.9,99.6,10.1,21.3,19.8,8.6,0.0,2.6,3.9,1.8
2025-01-22 00:00:00,0.8,99.6,12.2,14.2,13.0,11.0,0.0,2.0,4.6,1.8
2025-01-22 01:00:00,0.8,99.6,19.3,14.7,13.2,24.3,0.0,2.7,5.4,1.1
2025-01-22 02:00:00,0.7,99.6,21.2,12.0,11.4,31.7,0.0,3.1,5.6,1.0
2025-01-22 03:00:00,0.8,99.6,20.5,10.1,9.7,31.1,0.0,3.1,5.7,1.1
2025-01-22 04:00:00,0.7,99.7,20.3,9.0,8.5,34.9,0.0,3.3,5.7,1.5
2025-01-22 05:00:00,0.6,99.7,19.0,10.5,8.8,35.3,0.0,3.4,5.6,1.3
2025-01-22 06:00:00,0.6,99.7,18.4,19.7,15.5,35.5,0.0,3.4,5.5,1.4
2025-01-22 07:00:00,0.7,99.7,15.8,31.1,19.8,31.2,0.0,3.3,5.5,1.4
2025-01-22 08:00:00,0.7,99.7,14.7,49.0,26.9,27.7,0.0,3.5,5.5,1.6
2025-01-22 09:00:00,0.7,99.7,13.3,34.7,20.7,27.5,0.2,11.7,5.6,2.0
2025-01-22 10:00:00,0.7,99.7,13.3,46.6,21.8,28.1,0.2,25.3,5.6,1.5
2025-01-22 11:00:00,0.7,99.7,13.3,40.6,20.9,31.6,0.4,69.5,5.7,1.6
2025-01-22 12:00:00,0.7,99.7,13.3,44.0,23.0,28.6,0.4,104.0,6.1,1.6
2025-01-22 13:00:00,0.7,99.7,15.2,52.7,25.3,26.1,0.2,110.2,6.5,2.0
2025-01-22 14:00:00,0.8,99.7,16.2,62.7,29.0,20.4,1.0,74.2,6.7,1.4
2025-01-22 15:00:00,0.8,99.7,16.6,58.2,27.1,16.4,0.6,50.1,6.8,1.3
2025-01-22 16:00:00,0.8,99.7,16.2,58.6,28.5,17.1,1.0,42.1,6.8,0.6
2025-01-22 17:00:00,0.8,99.7,15.8,62.9,31.1,13.9,0.2,13.7,6.6,1.0
2025-01-22 18:00:00,0.8,99.7,14.8,48.9,26.1,9.3,0.2,4.7,6.3,0.9
2025-01-22 19:00:00,0.8,99.7,14.6,48.0,26.6,9.2,0.0,3.0,6.3,0.5
2025-01-22 20:00:00,0.9,99.7,14.8,54.2,28.0,12.1,0.0,3.3,6.3,0.4
2025-01-22 21:00:00,0.8,99.7,14.9,51.3,26.6,11.6,0.2,3.3,6.2,0.8
2025-01-22 22:00:00,0.8,99.7,14.9,32.5,22.3,13.0,0.0,3.2,6.2,0.5
2025-01-22 23:00:00,0.7,99.7,15.1,32.5,21.4,12.3,0.4,3.2,6.1,0.5
2025-01-23 00:00:00,0.7,99.7,15.0,25.9,20.0,8.3,0.0,3.5,6.0,1.1
2025-01-23 01:00:00,0.7,99.7,15.4,21.5,18.1,7.9,0.2,3.2,6.0,1.3
2025-01-23 02:00:00,0.7,99.7,15.9,21.2,19.3,5.9,1.2,3.4,6.0,1.4
2025-01-23 03:00:00,0.7,99.7,17.1,22.5,20.2,6.8,1.8,3.2,6.0,1.3
2025-01-23 04:00:00,0.7,99.6,17.8,24.9,21.2,5.7,1.2,3.2,6.0,0.6
2025-01-23 05:00:00,0.7,99.7,17.8,29.1,23.7,6.0,0.4,3.2,5.9,1.2
2025-01-23 06:00:00,0.7,99.6,17.6,31.9,23.9,6.2,0.6,3.2,6.0,0.7
2025-01-23 07:00:00,0.8,99.7,15.8,56.7,27.9,5.4,0.2,3.2,6.0,0.6
2025-01-23 08:00:00,0.9,99.6,15.1,73.3,29.6,5.7,0.2,3.4,6.0,0.6
2025-01-23 09:00:00,0.9,99.7,15.2,84.4,29.7,6.0,0.0,12.5,6.0,0.7
2025-01-23 10:00:00,0.8,99.7,13.7,44.6,24.7,7.2,0.2,20.6,6.2,1.1
2025-01-23 11:00:00,0.8,99.7,14.2,59.9,24.9,7.3,0.0,37.5,6.4,1.7
2025-01-23 12:00:00,0.8,99.7,14.4,64.5,24.2,7.1,0.2,69.2,6.7,2.3
2025-01-23 13:00:00,0.7,99.7,17.1,56.2,25.9,8.5,0.0,83.5,7.0,2.3
2025-01-23 14:00:00,0.6,99.7,17.9,51.7,25.0,10.4,0.0,91.3,7.3,2.7
2025-01-23 15:00:00,0.5,99.7,17.7,49.5,25.5,9.0,0.0,68.0,7.2,3.3
2025-01-23 16:00:00,0.4,99.7,17.1,43.1,25.3,12.6,0.0,80.7,7.4,3.0
2025-01-23 17:00:00,0.4,99.7,16.7,41.5,27.7,11.8,0.0,31.6,7.4,3.2
2025-01-23 18:00:00,0.4,99.7,15.4,43.6,28.7,8.7,0.0,5.6,7.2,2.5
2025-01-23 19:00:00,0.4,99.7,15.2,48.6,30.2,7.0,0.0,3.2,7.1,1.9
2025-01-23 20:00:00,0.4,99.7,15.6,46.2,31.0,9.0,0.0,3.3,7.1,1.9
2025-01-23 21:00:00,0.4,99.7,16.3,35.7,28.4,10.8,0.0,3.3,7.1,2.2
2025-01-23 22:00:00,0.4,99.7,17.4,35.2,29.0,13.0,0.0,3.6,7.0,2.4
2025-01-23 23:00:00,0.4,99.7,17.6,35.2,29.0,7.2,0.0,4.0,6.3,2.6
2025-01-24 00:00:00,0.5,99.7,17.3,34.2,28.1,5.0,0.0,2.7,5.5,2.7
2025-01-24 01:00:00,0.4,99.7,15.7,31.6,25.9,4.9,0.0,3.4,4.7,2.8
2025-01-24 02:00:00,0.4,99.7,16.0,27.9,24.2,4.6,0.0,2.9,4.1,2.2
2025-01-24 03:00:00,0.4,99.7,14.3,35.4,27.6,4.6,0.0,3.8,3.1,3.0
2025-01-24 04:00:00,0.4,99.7,13.6,35.3,26.0,5.0,0.0,2.5,3.1,2.3
2025-01-24 05:00:00,0.4,99.7,12.8,45.3,24.9,5.3,0.0,3.2,2.7,1.8
2025-01-24 06:00:00,0.4,99.7,11.8,48.0,25.6,6.5,0.0,2.6,2.6,2.7
2025-01-24 07:00:00,0.6,99.7,11.6,44.6,25.8,8.0,0.0,3.3,2.9,1.9
2025-01-24 08:00:00,0.4,99.7,10.7,60.8,28.0,5.5,0.0,5.0,2.6,1.6
2025-01-24 09:00:00,0.6,99.7,11.3,78.8,28.0,7.3,0.2,23.2,2.5,0.6
2025-01-24 10:00:00,0.5,99.7,11.1,110.5,32.3,11.1,0.0,71.7,2.6,0.6
2025-01-24 11:00:00,0.5,99.7,11.8,65.0,24.9,13.3,0.0,108.5,3.2,1.1
2025-01-24 12:00:00,0.5,99.7,12.5,65.0,26.6,11.1,0.0,114.9,3.9,1.3
2025-01-24 13:00:00,0.5,99.7,13.8,56.3,26.2,16.5,0.0,167.3,4.5,0.9
2025-01-24 14:00:00,0.6,99.7,14.3,69.2,29.9,19.5,0.0,158.3,4.9,0.9
2025-01-24 15:00:00,0.4,99.7,14.7,56.7,27.4,22.3,0.0,117.0,5.3,1.0
2025-01-24 16:00:00,0.4,99.7,15.1,54.2,29.8,19.4,0.0,82.6,5.3,0.9
2025-01-24 17:00:00,0.4,99.7,14.6,67.2,37.0,13.8,0.0,27.3,5.0,0.8
2025-01-24 18:00:00,0.4,99.7,14.4,67.0,39.2,12.4,0.0,5.6,4.7,1.1
2025-01-24 19:00:00,0.4,99.7,13.5,58.8,39.6,11.2,0.0,3.6,4.6,1.2
2025-01-24 20:00:00,0.4,99.7,12.6,57.8,39.6,13.2,0.0,3.6,4.3,1.3
2025-01-24 21:00:00,0.4,99.7,12.5,53.8,39.2,17.6,0.0,3.5,4.1,1.5
2025-01-24 22:00:00,0.4,99.6,12.2,42.8,31.6,15.9,0.0,3.4,4.2,1.8
2025-01-24 23:00:00,0.3,99.6,11.5,35.9,27.1,16.8,0.0,3.2,4.2,1.6
2025-01-25 00:00:00,0.3,99.6,11.6,33.7,27.0,16.0,0.0,3.5,4.3,1.8
2025-01-25 01:00:00,0.3,99.6,11.5,30.3,25.7,16.1,0.0,3.2,4.4,1.5
2025-01-25 02:00:00,0.3,99.7,11.3,28.6,24.4,16.7,0.0,3.2,4.5,1.1
2025-01-25 03:00:00,0.3,99.7,11.1,26.8,23.4,14.8,0.0,3.4,4.5,1.2
2025-01-25 04:00:00,0.3,99.7,11.9,23.0,20.8,12.7,0.0,3.3,4.5,0.8
2025-01-25 05:00:00,0.3,99.7,12.0,24.7,22.0,10.9,0.0,3.2,4.6,1.2
2025-01-25 06:00:00,0.3,99.7,12.3,22.3,19.9,10.0,0.2,3.3,4.7,1.2
2025-01-25 07:00:00,0.3,99.7,13.2,30.3,23.8,7.8,0.0,3.3,4.7,0.8
2025-01-25 08:00:00,0.4,99.7,14.0,37.8,26.7,6.8,0.2,3.5,4.7,0.7
2025-01-25 09:00:00,0.5,99.7,13.9,54.1,26.9,7.6,0.0,10.1,4.9,0.3
2025-01-25 10:00:00,0.4,99.7,14.4,63.5,26.0,8.9,0.0,25.2,5.1,0.5
2025-01-25 11:00:00,0.6,99.7,15.0,58.4,25.2,10.9,0.0,42.9,5.4,0.9
2025-01-25 12:00:00,0.4,99.7,16.9,45.1,27.3,14.4,0.2,52.7,5.7,1.1
2025-01-25 13:00:00,0.4,99.7,18.1,48.5,25.3,14.4,0.2,60.7,6.0,1.0
2025-01-25 14:00:00,0.4,99.7,19.5,50.9,25.1,12.7,0.2,59.7,6.1,1.1
2025-01-25 15:00:00,0.3,99.7,19.4,43.5,24.3,9.4,0.0,42.8,6.2,1.3
2025-01-25 16:00:00,0.4,99.7,20.2,51.1,25.7,7.2,0.0,26.2,6.2,0.8
2025-01-25 17:00:00,0.4,99.7,20.5,66.8,27.7,6.5,0.0,15.2,6.2,0.3
2025-01-25 18:00:00,0.4,99.7,19.7,83.6,29.2,5.8,0.0,8.3,6.1,0.8
2025-01-25 19:00:00,0.5,99.7,18.9,70.9,28.3,5.2,0.0,3.3,6.1,0.6
2025-01-25 20:00:00,0.4,99.7,18.0,64.8,30.5,5.3,0.0,3.6,6.0,1.6
2025-01-25 21:00:00,0.4,99.7,18.8,44.0,26.2,5.7,0.0,3.4,5.9,1.5
2025-01-25 22:00:00,0.4,99.7,18.7,30.4,19.9,11.2,0.0,3.5,5.9,2.7
2025-01-25 23:00:00,0.3,99.7,17.8,23.1,16.8,17.8,0.0,3.7,5.7,3.1
2025-01-26 00:00:00,0.3,99.7,16.9,21.7,15.2,18.8,0.0,3.3,5.8,2.8
2025-01-26 01:00:00,0.3,99.7,15.7,15.4,12.4,22.0,0.0,3.3,5.8,3.3
2025-01-26 02:00:00,0.3,99.7,15.1,16.2,12.3,24.5,0.0,3.4,5.9,3.4
2025-01-26 03:00:00,0.3,99.7,14.4,12.2,10.1,23.6,0.0,3.5,5.9,3.8
2025-01-26 04:00:00,0.2,99.7,13.6,9.5,8.4,26.2,0.2,3.8,5.8,5.0
2025-01-26 05:00:00,0.3,99.7,12.9,10.2,9.4,24.5,1.2,3.5,5.7,6.2
2025-01-26 06:00:00,0.2,99.7,12.5,11.1,9.8,28.9,0.0,3.6,5.7,7.9
2025-01-26 07:00:00,0.2,99.7,11.9,9.5,8.1,32.9,0.0,3.5,5.7,7.5
2025-01-26 08:00:00,0.2,99.7,11.8,8.6,7.5,35.3,4.2,3.3,5.9,3.5
2025-01-26 09:00:00,0.3,99.7,10.7,24.2,14.8,21.5,3.2,4.9,5.8,2.7
2025-01-26 10:00:00,0.3,99.7,10.8,25.3,15.8,15.6,1.2,17.8,5.8,2.9
2025-01-26 11:00:00,0.3,99.7,10.3,17.3,12.2,16.0,0.0,36.0,5.8,3.9
2025-01-26 12:00:00,0.3,99.7,11.2,21.8,14.0,15.1,0.0,48.0,6.0,3.4
2025-01-26 13:00:00,0.3,99.7,11.4,22.1,15.0,13.8,0.0,51.5,6.2,3.5
2025-01-26 14:00:00,0.3,99.7,11.7,19.7,13.7,13.1,0.0,53.7,6.5,3.9
2025-01-26 15:00:00,0.3,99.7,11.8,19.8,13.2,16.3,0.0,64.1,6.7,4.3
2025-01-26 16:00:00,0.4,99.7,11.3,18.3,13.5,16.8,0.0,75.2,7.5,2.9
2025-01-26 17:00:00,0.4,99.7,12.2,29.2,19.7,14.1,0.0,27.1,7.7,1.9
2025-01-26 18:00:00,0.4,99.6,12.6,30.0,21.6,9.7,0.0,6.3,7.6,1.7
2025-01-26 19:00:00,0.5,99.6,12.7,91.9,29.5,10.5,0.0,3.5,7.4,0.7
2025-01-26 20:00:00,0.8,99.6,12.2,111.9,31.9,11.8,0.0,3.7,6.5,1.1
2025-01-26 21:00:00,0.6,99.7,12.2,133.5,34.3,10.4,0.0,2.4,5.7,1.9
2025-01-26 22:00:00,0.5,99.7,11.0,80.8,26.0,6.2,0.0,2.9,5.1,1.9
2025-01-26 23:00:00,0.5,99.7,11.1,64.1,25.8,5.9,0.0,2.2,5.8,1.2
2025-01-27 00:00:00,0.4,99.7,12.2,68.0,27.3,5.0,0.0,3.1,5.9,1.1
2025-01-27 01:00:00,0.4,99.7,13.6,45.8,24.6,5.1,0.0,3.0,5.7,0.9
2025-01-27 02:00:00,0.4,99.7,15.8,38.2,24.1,5.2,0.0,2.9,5.8,1.0
2025-01-27 03:00:00,0.3,99.7,16.7,31.5,23.8,5.3,0.0,3.0,5.8,1.9
2025-01-27 04:00:00,0.3,99.7,16.4,27.5,22.7,5.5,0.2,3.2,5.9,1.9
2025-01-27 05:00:00,0.3,99.7,15.4,26.0,21.8,8.0,0.2,3.2,6.0,2.4
2025-01-27 06:00:00,0.3,99.7,14.6,25.4,19.8,9.5,0.0,3.2,6.1,1.5
2025-01-27 07:00:00,0.4,99.7,15.2,47.0,25.5,8.5,0.0,3.0,6.1,1.1
2025-01-27 08:00:00,0.4,99.7,16.0,50.7,24.4,6.0,0.6,3.2,6.2,1.3
2025-01-27 09:00:00,0.5,99.7,15.3,66.7,25.5,5.8,0.8,7.4,6.1,1.1
2025-01-27 10:00:00,0.4,99.7,14.8,58.7,25.3,7.3,0.4,18.5,6.2,0.4
2025-01-27 11:00:00,0.6,99.7,15.7,46.5,22.6,7.6,0.2,28.9,6.6,0.7
2025-01-27 12:00:00,0.4,99.7,15.0,40.6,20.0,11.9,0.4,87.4,7.1,0.7
2025-01-27 13:00:00,0.4,99.7,16.0,58.7,23.9,11.9,0.0,47.2,7.4,1.4
2025-01-27 14:00:00,0.5,99.7,15.8,33.0,19.9,9.6,0.4,26.0,7.4,0.8
2025-01-27 15:00:00,0.6,99.7,15.7,53.5,24.3,8.8,0.2,18.8,7.5,1.1
2025-01-27 16:00:00,0.5,99.7,14.8,80.4,30.6,7.8,0.0,17.5,7.6,1.4
2025-01-27 17:00:00,0.4,99.7,14.8,67.8,29.6,6.7,0.0,15.4,7.3,1.6
2025-01-27 18:00:00,0.4,99.7,15.0,68.2,29.4,5.3,0.2,4.5,7.3,1.5
2025-01-27 19:00:00,0.4,99.7,15.7,62.9,29.0,5.3,0.0,3.4,7.3,2.3
2025-01-27 20:00:00,0.4,99.7,15.4,49.1,27.9,5.4,0.0,3.4,7.2,2.7
2025-01-27 21:00:00,0.3,99.7,16.1,44.9,27.7,6.4,0.0,3.2,7.3,3.4
2025-01-27 22:00:00,0.4,99.7,15.8,37.4,26.1,6.1,0.0,3.9,7.2,2.5
2025-01-27 23:00:00,0.4,99.7,17.7,43.2,25.5,5.0,0.0,3.6,6.9,1.0
2025-01-28 00:00:00,0.4,99.7,18.8,35.9,23.3,4.7,0.0,3.3,6.9,1.2
2025-01-28 01:00:00,0.4,99.7,17.3,34.9,22.0,4.8,0.0,3.3,6.8,1.2
2025-01-28 02:00:00,0.3,99.7,17.0,35.7,22.0,4.8,0.6,3.2,6.8,1.9
2025-01-28 03:00:00,0.3,99.7,17.4,35.6,22.5,4.8,0.0,3.3,6.8,1.3
2025-01-28 04:00:00,0.3,99.7,18.7,37.3,23.5,4.8,0.0,3.2,6.8,1.1
2025-01-28 05:00:00,0.3,99.7,17.7,34.6,23.9,5.1,0.0,3.0,7.0,2.3
2025-01-28 06:00:00,0.3,99.7,17.2,26.6,21.7,9.7,0.2,2.9,7.5,2.5
2025-01-28 07:00:00,0.2,99.7,16.0,42.0,25.1,4.8,0.2,3.9,7.1,1.6
2025-01-28 08:00:00,0.3,99.7,18.3,68.8,28.6,4.9,0.4,3.4,7.3,1.5
2025-01-28 09:00:00,0.3,99.7,18.6,67.9,26.8,7.4,3.6,54.7,7.7,2.1
2025-01-28 10:00:00,0.3,99.7,19.4,51.0,21.4,8.6,0.2,55.9,7.7,2.9
2025-01-28 11:00:00,0.3,99.7,19.3,32.5,17.4,14.5,0.0,88.3,7.3,4.5
2025-01-28 12:00:00,0.3,99.7,20.4,29.6,14.9,16.2,0.0,232.7,7.8,2.8
2025-01-28 13:00:00,0.3,99.7,19.2,45.1,19.2,14.1,0.0,179.2,8.5,3.5
2025-01-28 14:00:00,0.3,99.7,18.8,28.0,16.2,19.2,0.0,126.0,8.3,4.9
2025-01-28 15:00:00,0.3,99.6,17.5,23.5,14.3,21.9,0.0,259.4,9.0,3.9
2025-01-28 16:00:00,0.2,99.4,15.9,30.2,18.6,38.2,0.0,306.8,10.9,4.8
2025-01-28 17:00:00,0.2,99.4,15.1,29.3,20.0,36.2,0.0,136.3,10.8,3.5
2025-01-28 18:00:00,0.3,99.5,15.0,87.9,39.3,25.2,0.0,13.8,9.2,2.8
2025-01-28 19:00:00,0.3,99.6,14.2,185.2,49.4,16.6,0.0,2.6,8.3,1.8
2025-01-28 20:00:00,0.5,99.6,14.6,164.2,43.0,21.6,0.0,2.4,7.6,2.2
2025-01-28 21:00:00,0.6,99.6,15.7,132.0,39.8,13.2,0.0,3.4,6.5,2.2
2025-01-28 22:00:00,0.7,99.6,15.1,177.4,44.4,8.5,0.0,2.5,6.0,2.3
2025-01-28 23:00:00,0.6,99.6,14.0,107.9,31.6,6.2,0.0,2.7,6.0,1.1
2025-01-29 00:00:00,0.6,99.6,14.1,70.8,27.5,5.6,0.0,3.1,5.4,1.4
2025-01-29 01:00:00,0.6,99.6,18.5,72.2,25.9,4.7,0.0,3.0,4.7,1.1
2025-01-29 02:00:00,0.6,99.6,21.0,57.2,22.7,4.7,0.0,4.0,3.4,0.9
2025-01-29 03:00:00,0.5,99.7,26.8,46.8,20.1,4.6,0.0,2.5,2.6,1.4
2025-01-29 04:00:00,0.5,99.7,28.8,50.9,21.2,4.8,0.0,3.6,2.2,0.8
2025-01-29 05:00:00,0.5,99.7,27.4,61.3,26.9,4.8,0.0,3.0,1.5,0.9
2025-01-29 06:00:00,0.5,99.7,26.7,68.8,26.9,4.8,0.0,2.3,1.1,1.0
2025-01-29 07:00:00,0.5,99.6,32.4,92.2,29.0,4.8,0.2,2.6,1.7,2.0
2025-01-29 08:00:00,0.6,99.6,35.3,92.0,30.1,4.8,0.0,5.1,1.6,1.6
2025-01-29 09:00:00,0.6,99.6,33.6,89.3,29.6,6.0,0.0,49.6,1.8,1.9
2025-01-29 10:00:00,0.5,99.6,28.2,92.3,30.5,9.1,0.0,130.5,3.3,1.4
2025-01-29 11:00:00,0.5,99.7,27.6,92.3,30.5,12.7,0.0,351.0,6.1,1.5
2025-01-29 12:00:00,0.4,99.6,24.0,90.0,44.4,21.8,0.0,464.9,8.8,1.2
2025-01-29 13:00:00,0.3,99.1,24.0,55.0,27.0,21.8,0.0,486.4,11.4,2.1
2025-01-29 14:00:00,0.2,97.7,33.6,49.6,26.5,39.7,0.0,464.4,11.5,3.0
2025-01-29 15:00:00,0.1,89.5,29.5,51.8,26.5,54.6,0.0,440.2,12.1,2.2
2025-01-29 16:00:00,0.2,96.7,24.2,55.8,32.0,42.5,0.0,288.6,11.8,1.6
2025-01-29 17:00:00,0.2,99.3,21.8,77.2,41.4,37.3,0.0,142.7,11.1,2.1
2025-01-29 18:00:00,0.6,99.4,20.4,110.3,55.9,23.4,0.0,14.0,9.3,1.4
2025-01-29 19:00:00,0.9,99.5,19.0,297.3,70.6,5.9,0.0,2.5,8.4,0.9
2025-01-29 20:00:00,1.0,99.5,17.7,180.9,55.2,10.2,0.0,3.9,8.1,1.3
2025-01-29 21:00:00,0.9,99.5,20.8,87.3,51.9,9.2,0.0,1.6,8.0,0.7
2025-01-29 22:00:00,0.6,99.6,20.3,78.5,41.4,9.3,0.0,3.4,8.1,1.2
2025-01-29 23:00:00,0.5,99.5,22.5,89.4,37.9,5.9,0.0,3.7,7.4,1.1
2025-01-30 00:00:00,0.5,99.6,24.6,120.0,35.0,5.1,0.0,3.3,6.3,1.9
2025-01-30 01:00:00,0.5,99.6,21.2,99.8,32.4,5.5,0.0,3.3,5.6,1.2
2025-01-30 02:00:00,0.4,99.6,19.1,75.8,32.5,3.9,0.0,3.1,4.2,1.5
2025-01-30 03:00:00,0.4,99.6,16.5,67.6,26.7,3.8,0.0,2.4,4.0,1.1
2025-01-30 04:00:00,0.4,99.6,16.2,52.8,24.2,3.7,0.0,2.9,3.9,1.8
2025-01-30 05:00:00,0.4,99.6,17.5,46.5,25.4,3.7,0.0,3.6,2.8,1.2
2025-01-30 06:00:00,0.4,99.6,21.6,52.4,26.8,4.0,0.0,2.6,2.5,1.1
2025-01-30 07:00:00,0.5,99.7,22.0,76.1,26.1,4.1,0.0,2.5,3.1,0.4
2025-01-30 08:00:00,0.7,99.7,21.1,135.3,33.3,3.8,0.0,5.1,3.1,0.5
2025-01-30 09:00:00,0.6,99.7,19.1,168.2,36.2,4.5,0.0,28.4,3.5,1.1
2025-01-30 10:00:00,0.5,99.7,20.1,161.2,31.5,5.5,0.0,132.4,4.9,0.7
2025-01-30 11:00:00,0.4,99.7,24.9,116.8,34.0,7.9,0.0,199.1,7.0,0.7
2025-01-30 12:00:00,0.3,99.7,47.1,119.8,56.9,8.9,0.0,130.4,7.8,1.4
2025-01-30 13:00:00,0.3,99.6,59.2,92.2,37.0,16.5,0.0,208.3,8.7,1.5
2025-01-30 14:00:00,0.3,99.4,52.0,59.5,31.1,22.5,0.0,340.2,10.1,1.3
2025-01-30 15:00:00,0.3,99.3,48.9,46.4,26.7,24.0,0.0,315.2,10.7,1.7
2025-01-30 16:00:00,0.3,99.4,38.1,32.9,22.6,24.6,0.0,118.0,9.8,2.7
2025-01-30 17:00:00,0.3,99.5,29.0,34.6,26.0,25.2,0.0,94.5,9.2,3.3
2025-01-30 18:00:00,0.4,99.5,24.6,43.7,34.4,20.1,0.0,10.8,7.9,3.4
2025-01-30 19:00:00,0.4,99.6,24.7,38.5,33.4,15.4,0.2,2.9,6.8,3.6
2025-01-30 20:00:00,0.4,99.6,20.4,34.6,30.6,11.2,0.0,1.8,6.6,4.4
2025-01-30 21:00:00,0.3,99.6,20.7,31.7,29.3,17.5,0.0,2.5,6.6,3.8
2025-01-30 22:00:00,0.3,99.6,20.8,34.2,30.6,17.5,0.0,2.9,6.0,3.1
2025-01-30 23:00:00,0.3,99.6,18.5,28.8,25.9,19.5,0.0,2.3,5.7,3.4
2025-01-31 00:00:00,0.3,99.6,17.7,28.7,25.5,19.9,0.0,2.3,5.5,3.1
2025-01-31 01:00:00,0.3,99.6,19.0,27.2,24.8,17.0,0.0,2.9,5.1,2.6
2025-01-31 02:00:00,0.3,99.6,19.7,22.5,20.9,12.3,0.0,3.0,4.4,1.4
2025-01-31 03:00:00,0.3,99.6,18.7,23.7,20.9,9.0,0.0,2.6,4.0,1.4
2025-01-31 04:00:00,0.3,99.6,17.4,26.3,21.8,5.1,0.0,2.5,3.5,1.2
2025-01-31 05:00:00,0.4,99.6,15.6,30.7,22.3,4.0,0.0,3.8,2.4,1.1
2025-01-31 06:00:00,0.4,99.6,15.8,39.9,23.5,3.8,0.0,2.4,2.4,0.9
2025-01-31 07:00:00,0.5,99.6,16.0,63.5,28.6,3.8,0.0,2.0,3.3,1.0
2025-01-31 08:00:00,0.4,99.7,16.6,65.7,27.7,3.8,0.0,3.5,4.2,1.4
2025-01-31 09:00:00,0.5,99.7,19.4,94.5,28.9,4.6,0.0,24.0,4.4,0.9
2025-01-31 10:00:00,0.5,99.7,20.2,91.9,29.5,5.1,0.0,66.2,4.8,0.8
2025-01-31 11:00:00,0.7,99.7,19.9,105.7,29.2,5.3,0.2,70.9,5.5,0.5
2025-01-31 12:00:00,0.6,99.7,21.2,101.7,30.7,5.5,0.2,66.0,5.5,0.6
2025-01-31 13:00:00,0.6,99.7,22.2,132.4,49.3,4.7,1.6,33.7,5.6,2.0
2025-01-31 14:00:00,0.6,99.7,21.3,102.6,33.4,5.3,1.8,49.6,5.8,2.0
2025-01-31 15:00:00,0.6,99.7,20.7,101.4,38.0,6.5,1.2,67.9,6.0,2.3
2025-01-31 16:00:00,0.5,99.7,19.3,86.7,36.4,13.5,0.2,81.1,6.5,2.9
2025-01-31 17:00:00,0.5,99.7,19.3,93.8,39.6,8.9,0.0,35.9,6.4,3.0
2025-01-31 18:00:00,0.4,99.7,20.2,107.0,41.1,5.1,0.0,8.7,6.1,2.8
2025-01-31 19:00:00,0.5,99.7,19.4,95.7,43.2,3.7,0.0,2.8,6.4,3.6
2025-01-31 20:00:00,0.5,99.7,19.5,86.6,41.1,3.8,0.0,3.2,6.7,3.2
2025-01-31 21:00:00,0.5,99.7,21.4,58.8,37.3,4.5,0.0,3.2,6.8,2.7
2025-01-31 22:00:00,0.5,99.7,22.8,58.0,36.6,8.4,0.0,3.5,6.7,4.2
2025-01-31 23:00:00,0.4,99.7,22.3,47.7,37.8,11.1,0.2,3.3,6.6,4.0
2025-02-01 00:00:00,0.4,99.7,19.9,39.4,32.3,11.1,0.0,3.3,6.7,3.4
